city,state
spring valley,ca
clairemont,ca
chula vista,ca
del mar,ca
court house,nj
bloomington,mn
cupertino,ca
mulvane,ks
milwaukee,wi
airdrie,ab
aledo,tx
tewksbury,ma
sweethome,or
la jolla,ca
greenbrier,tn
stanchfield,mn
bristol,tn
west boylston,ma
fairport,ny
kenneth city,fl
lindenhurst,ny
durham,nc
solana beach,ca
laguna niguel,ca
fairfax,va
corona,ca
orlando,fl
hallandale beach,fl
easton,pa
upper marlboro,md
yulee,fl
jamaica,ny
harker heights,tx
mesquite,tx
mitchellville,md
burton,mi
dayton,oh
la mesa,ca
encinitas,ca
gaithersburg,md
san juan capistrano,ca
albert lea,mn
sacramento,ca
nantucket,ma
costa mesa,ca
minot,nd
san francisco,ca
provo,ut
helena,mt
philadelphia,pa
schenectady,ny
aurora,co
midvale,oh
lady lake,fl
la habra,ca
ohio city,oh
pittsburgh,pa
henryetta,ok
ortonville,mi
milledgeville,ga
catersville,ga
squamish,bc
bourne,ma
midland,tx
somerville,al
yukon,ok
newbury park,ca
nashville,tn
north little rock,ar
ogden,ut
capistrano beach,ca
jupiter,fl
watervliet,ny
cedar hill,tx
levelland,tx
chanute,ks
ontario,ca
knoxville,tn
whitman,ma
rancho cucamonga,ca
olathe,ks
desert hot springs,ca
pinellas park,fl
trophy club,tx
solon,oh
canal fulton,oh
woodward,ok
whittier,ca
san pedro,ca
centreville,va
dorchester,ma
tinley park,il
flushing,ny
woodinville,wa
ronkonkoma,ny
temecula,ca
largo,fl
layton,ut
santa monica,ca
hoschton,ga
alabaster,al
st albert,ab
plantation,fl
beaufort,sc
redwood city,ca
meridian,id
grimes,ia
joplin,mo
lufkin,tx
flint,mi
riversider,ca
sioux city,ia
salinas,ca
zion,il
fontana,ca
stateline,nv
sherwood,ar
ellsworth,me
san jacinto,ca
elgin,il
roselle,il
phx,az
new haven,ct
spring,tx
ft myers,fl
orange,ca
johns creek,ga
eagle mountain,ut
laguna hills,ca
kailua kona,hi
crawfordville,fl
jamul,ca
sterling,va
broomfield,co
new york,ny
livermore,ca
frisco,tx
virginia beach,va
minneapolis,mn
jacksonville,fl
santa clara,ca
lynn,ma
omaha,ne
grover beach,ca
san luis obispo,ca
pataskala,oh
manahawkin,nj
rockford,il
wayne,nj
nicholasville,ky
canton,mi
burgettstown,pa
west springfield,ma
johns island,sc
denham springs,la
simpsonville,sc
rocklin,ca
cape coral,fl
irving,tx
salem,va
ladson,sc
hamburg,nj
key largo,fl
bellflower,ca
oklahoma city,ok
lauderdale lakes,fl
sharpsburg,ga
dana point,ca
la crescenta,ca
lacey,wa
chesapeake,va
goose creek,sc
pulaski,wi
lantana,tx
surat,ge
pasadena,md
boise,id
troup,tx
tenino,wa
pontiac,mi
holmes,ny
ellendale,tn
nanoose bay,bc
santa rosa,ca
oxnard,ca
oakdale,ct
somis,ca
framingham,ma
downey,ca
burlington,nj
drexel hill,pa
bryan,tx
mason,mi
chico,ca
irvine,ca
pleasanton,ca
vero beach,fl
apple valley,mn
bend,or
san clemente,ca
stuart,ia
kingsport,tn
herriman,ut
post falls,id
lorem ipsum,oi
charlottesville,va
sun prairie,wi
kenner,la
st louis,mo
gaffney,sc
raleigh,nc
murray,ky
pineville,wv
thornton,co
sugarcreek,oh
grand prairie,tx
douglasville,ga
valley park,mo
bellefonte,pa
carson,ca
el paso,tx
avon,co
copiague,ny
lake orion,mi
agoura hills,ca
cheltenham,pa
oceanside,ca
renner,sd
petersburg,mi
prescott,az
turlock,ca
westland,mi
temple,tx
lewisville,tx
prior lake,mn
trimble,mo
allen,tx
new albany,oh
encino,ca
oakton,va
austin,tx
pacifica,ca
vidor,tx
greer,sc
appleton,wi
bonaire,ga
gilbert,az
calgary alberta,ca
são paulo,sp
beltsville,md
upperco,md
endwell,ny
gardnerville,nv
west fargo,nd
monterey park,ca
heath,oh
rotterdam,zh
humble,tx
redmond,wa
sorrento,fl
conroe,tx
university place,wa
waddell,az
paducah,ky
evansville,in
pensacola,fl
killdeer,il
lynchburg,va
pocatello,id
englishtown,nj
chugiak,ak
tacoma,wa
oakland,ca
albany,ny
wildwood,fl
garden grove,ca
parma,oh
decatur,ga
simi valley,ca
franklin,ma
ocala,fl
hayward,ca
alpine,ut
truganina,vi
glen ellyn,il
newfoundland,nj
elizabeth,co
marina,ca
chesterfield,va
brattleboro,vt
brookville,ks
broken arrow,ok
kansas city,mo
wake forest,nc
farmingville,ny
imperial beach,ca
owings mills,md
jonesboro,ar
islamabad,pa
brandon,fl
burbank,il
emmaus,pa
bessemer,al
cedar city,ut
des moines,ia
schaumburg,il
fountain hills,az
kihei,hi
dillon,co
van nuys,ca
evergreen,co
qualicum beach,bc
mcallen,tx
pflugerville,tx
providence,ut
serving louisiana,la
telford,pa
new buffalo,mi
mascotte,fl
aloha,or
cape town,wc
fremont,ca
charlotte,nc
buford,ga
edwardsville,il
benton harbor,mi
kingsburg,ca
white bear lake,mn
mcdonough,ga
newton,ma
kalispell,mt
port saint lucie,fl
elmhurst,il
winnipeg,mb
chaska,mn
stockton,ca
santee,ca
west palm beach,fl
artesia,ca
spring hill,fl
ball ground,ga
jeffersonville,pa
glendale heights,il
cleburne,tx
north port,fl
buchanan,mi
mantecea,ca
ranson,wv
forney,tx
porter,tx
piqua,oh
edmond,ok
ferron,ut
keller,tx
neenah,wi
winston-salem,nc
clyde,nc
linden,mi
brentwood,ca
hanover,md
north palm beach,fl
springville,ut
hemet,ca
loganville,ga
rochester,ny
valencia,ca
westlake village,ca
madisonville,tn
castle rock,co
beloit,wi
eureka,mo
sandpoint,id
saint augustine,fl
lyman,sc
moberly,mo
dublin,ga
fairmont,nc
olney,md
lake wales,fl
vernon,tx
macon,ga
price,ut
papillion,ne
villa park,il
west valley,ut
newland,nc
graham,tx
catlettsburg,ky
egg harbor city,nj
hackettstown,nj
campbell,ca
thousand oaks,ca
prescott valley,az
letaluma,ca
neeses,sc
cary,nc
solvang,ca
indio,ca
woodlyn,pa
mountain house,ca
whitecourt,ab
poquoson,va
calgary,ab
henrico,va
johnstown,oh
washington,dc
ipswich,ma
wheat ridge,co
sunrise,fl
darlington,sc
clarksville,tn
newport,nc
bethel,nc
capitol heights,md
union city,ca
alvarado,tx
salina,ks
arlington heights,il
crossville,tn
shoreline,wa
lake forest,ca
torrance,ca
roanoke,va
reno,nv
wasilla,ak
davenport,fl
clifford,in
madera,ca
happy valley,or
round lake park,il
martinez,ca
corrales,nm
hurst,tx
elkton,mi
rockport,tx
leavenworth,wa
birmingham,al
staten island,ny
easley,sc
noble,ok
wayland,ma
surprise,az
bethesda,md
roseburg,or
kalamazoo,mi
louisville,ky
grand praire,tx
indianapolis,in
saskatoon,sk
oxford in,in
collegeville,pa
lehigh acres,fl
mastic,ny
valley village,ca
mansfield,tx
montgomery,al
patchogue,ny
gulf shores,al
yonkers,ny
st petersburg,fl
palm beach gardens,fl
gettysburg,pa
münchen,de
goodyear,az
cypress,tx
pompano beach,fl
chandler,az
winder,ga
clive,ia
santa barbara,ca
denver,co
boulder,cl
sioux falls,sd
eatonville,wa
kennewick,wa
stoughton,ma
beachwood,oh
oxford,mi
eastvale,ca
lawton,ok
el monte,ca
newport beach,ca
crofton,md
troy,mi
placentia,ca
el dorado hills,ca
sierra vista,az
san leandro,ca
freeburg,il
bridgewater,ns
playa del rey,ca
miami lakes,fl
east moline,il
alexandria,va
mckinney,tx
coronado,ca
the woodlands,tx
red deer,ab
owensboro,ky
hillsborough,nj
the colony,tx
elmont,ny
los alamos,nm
waukesha,wi
st charles,mo
moseley,va
kissimmee,fl
panama city,fl
north vancouver,bc
hobbs,nm
grand junction,co
wooster,oh
chicopee,ma
mukilteo,wa
fairbanks,ak
beverly hills,ca
clovis,ca
kamloops,bc
olive branch,ms
tupelo,ms
islandia,ny
willard,ut
metairie,la
huntersville,nc
kearny,nj
whiting,nj
laurel,md
magnolia,nj
dover,de
westerville,oh
west jordan,ut
delray beach,fl
kennesaw,ga
balaclava,vi
lake wakes,fl
middle river,md
elk grove,ca
riverside,ca
tempe,az
bradenton,fl
newberg,or
stanton,ca
cross plains,wi
bishopville,md
port charlotte,fl
ft wayne,in
allentown,pa
mena,ar
morgantown,in
port jefferson station,ny
queen creek,az
fresno,ca
yorktown,vi
wyoming,mi
shallotte,nc
manassas,va
hayes,va
grandledge,mi
groveport,oh
north charleston,sc
avondale estates,ga
santa clarita,ca
pooler,ga
baton rouge,la
canyon lake,tx
newtown,pa
strawberry plains,tn
old hickory,tn
wilmington,nc
hyrum,ut
huntington beach,ca
willemstad,cu
sparks,nv
corowa,ns
huntsville,al
glendora,ca
mandan,nd
ben wheeler,tx
west vancouver,bc
corvallis,or
barefoot bay,fl
bryans rd,md
west seneca,ny
farmington,ny
waxahachie,tx
johnston,ri
north providence,ri
crawfordsville,in
gibsonton,fl
flagstaff,az
millington,tn
golden,co
hilliard,oh
avon lake,oh
glendale,az
princeton,nj
idaho falls,id
bedford,in
lisle,il
bridgeport,ct
margate,fl
kokomo,in
la place,la
north reading,ma
hampstead,nc
tracy,ca
lake village,ar
alvin,tx
mobile,al
inman,sc
harahan,la
berkeley,ca
spokane,wa
orick,ca
gurnee,il
bellevue,wa
nokesville,va
clint,tx
montgomery village,md
olympia,wa
honolulu,hi
lanham,md
harrison,ar
covington,ky
greensboro,nc
vernal,ut
north attleboro,ma
wichtia,ks
ledyard,ct
high point,nc
poughkeepsie,ny
hastings,mi
maple grove,mn
clermont,fl
belmont,ma
benton,ky
bentonville,ar
spring city,pa
florissant,mo
warner robins,ga
yankton,sd
canyon cntry,ca
diamond springs,ca
surf city,nj
audubon,nj
friendswood,tx
charleston,il
east wenatchee,wa
berthoud,co
sandy,ut
pasco,wa
jersey city,nj
bolinas,ca
salisbury,nc
greenacres,fl
waunakee,wi
davie,fl
overland park,ks
calimesa,ca
laguna beach,ca
sandy spring,md
lubbock,tx
alhambra,ca
livonia,mi
east lansing,mi
hesperia,ca
perkiomenville,pa
montclair,ca
jeannette,pa
buda,tx
salt lake city,ut
centerton,ar
fountain valley,ca
oro valley,az
marble falls,tx
grande prairie,ab
cheyenne,wy
new eagle,pa
smyrna,ga
hartsville,sc
missoula,mt
smithfield,ut
chardon,oh
wailuku,hi
woodbury,mn
thomasville,nc
fuquay varina,nc
frazier park,ca
silvis,il
new bern,nc
casselberry,fl
gadsden,al
dubai,du
waynesboro,va
little elm,tx
mableton,ga
kernersville,nc
hanahan,sc
discovery bay,ca
garland,tx
buena park,ca
bethany,ok
maumelle,ar
west valley city,ut
arvada,co
coon rapids,mn
marion,in
